1|2|3325|771.64|, even theodolites. regular, final theodolites eat after the carefully pending foxes. furiously regular deposits sleep slyly. carefully bold realms above the ironic dependencies haggle careful
1|2502|8076|993.49|ven ideas. quickly even packages print. pending multipliers must have to are fluff
1|5002|3956|337.09|after the fluffily ironic deposits? blithely special dependencies integrate furiously even excuses. blithely silent theodolites could have to haggle pending, express requests; fu
1|7502|4069|357.84|al, regular dependencies serve carefully after the quickly final pinto beans. furiously even deposits sleep quickly final, silent pinto beans. fluffily reg
2|3|8895|378.49|nic accounts. final accounts sleep furiously about the ironic, bold packages. regular, regular accounts
2|2503|4969|915.27|ptotes. quickly pending dependencies integrate furiously. fluffily ironic ideas impress blithely above the express accounts. furiously even epitaphs need to wak
2|5003|8539|438.37|blithely bold ideas. furiously stealthy packages sleep fluffily. slyly special deposits snooze furiously carefully regular accounts. regular deposits according to the accounts nag carefully slyl
2|7503|3025|306.39|olites. deposits wake carefully. even, express requests cajole. carefully regular ex
3|4|4651|920.92|ilent foxes affix furiously quickly unusual requests. even packages across the carefully even theodolites nag above the sp
3|2504|4093|498.13|ending dependencies haggle fluffily. regular deposits boost quickly carefully regular requests. deposits affix furiously around the pinto beans. ironic, unusual platelets across the p
3|5004|3917|645.40|of the blithely regular theodolites. final theodolites haggle blithely carefully unusual ideas. blithely even f
3|7504|9942|191.92| unusual, ironic foxes according to the ideas detect furiously alongside of the even, express requests. blithely regular the
4|5|1339|113.97| carefully unusual ideas. packages use slyly. blithely final pinto beans cajole along the furiously express requests. regular orbits haggle carefully. care
4|2505|6377|591.18|ly final courts haggle carefully regular accounts. carefully regular accounts could integrate slyly. slyly express packages about the accounts wake slyly
4|5005|2694|51.37|g, regular deposits: quick instructions run across the carefully ironic theodolites-- final dependencies haggle into the dependencies. f
4|7505|2480|444.37|requests sleep quickly regular accounts. theodolites detect. carefully final depths w
5|6|3735|255.88|arefully even requests. ironic requests cajole carefully even dolphin
5|2506|9653|50.52|y stealthy deposits. furiously final pinto beans wake furiou
5|5006|1329|219.83|iously regular deposits wake deposits. pending pinto beans promise ironic dependencies. even, regular pinto beans integrate
5|7506|6925|537.98|sits. quickly fluffy packages wake quickly beyond the blithely regular requests. pending requests cajole among the final pinto beans. carefully busy theodolites affix quickly stealthily 
6|7|8851|130.72|usly final packages. slyly ironic accounts poach across the even, sly requests. carefully pending request
6|2507|1627|424.25| quick packages. ironic deposits print. furiously silent platelets across the carefully final requests are slyly along the furiously even instructi
6|5007|3336|642.13|final instructions. courts wake packages. blithely unusual realms along the multipliers nag 
6|7507|6451|175.32| accounts alongside of the slyly even accounts wake carefully final instructions-- ruthless platelets wake carefully ideas. even deposits are quickly final,
7|8|7454|763.98|y express tithes haggle furiously even foxes. furiously ironic deposits sleep toward the furiously unusual
7|2508|2770|149.66|hould have to nag after the blithely final asymptotes. fluffily spe
7|5008|3377|68.77|usly against the daring asymptotes. slyly regular platelets sleep quickly blithely regular deposits. boldly regular deposits wake blithely ironic accounts
7|7508|9460|299.58|. furiously final ideas hinder slyly among the ironic, final packages. blithely ironic dependencies cajole pending requests: blithely even packa
8|9|6834|249.63|lly ironic accounts solve express, unusual theodolites. special packages use quickly. quickly fin
8|2509|396|957.34|r accounts. furiously pending dolphins use even, regular platelets. final
8|5009|9845|220.62|s against the fluffily special packages snooze slyly slyly regular p
8|7509|8126|916.91|final accounts around the blithely special asymptotes wake carefully beyond the bold dugouts. regular ideas haggle furiously after
9|10|7054|84.20|ts boost. evenly regular packages haggle after the quickly careful accounts. 
9|2510|7542|811.84|ate after the final pinto beans. express requests cajole express packages. carefully bold ideas haggle furiously. blithely express accounts eat carefully among the evenly busy accounts. carefully un
9|5010|9583|381.31|d foxes. final, even braids sleep slyly slyly regular ideas. unusual ideas above
9|7510|3063|291.84| the blithely ironic instructions. blithely express theodolites nag furiously. carefully bold requests shall have to use slyly pending requests. carefully regular instr
10|11|2952|996.12| bold foxes wake quickly even, final asymptotes. blithely even depe
10|2511|3335|673.27|s theodolites haggle according to the fluffily unusual instructions. silent realms nag carefully ironic theodolites. furiously unusual instructions would detect fu
10|5011|5691|164.00|r, silent instructions sleep slyly regular pinto beans. furiously unusual gifts use. silently ironic theodolites cajole final deposits! express dugouts are furiously. packages sleep 
10|7511|841|374.02|refully above the ironic packages. quickly regular packages haggle foxes. blithely ironic deposits a
11|12|4540|709.87|thely across the blithely unusual requests. slyly regular instructions wake slyly ironic theodolites. requests haggle blithely above the blithely brave p
11|2512|4729|894.90|ters wake. sometimes bold packages cajole sometimes blithely final instructions. carefully ironic foxes after the furiously unusual foxes cajole carefully acr
11|5012|3708|818.74|inal accounts nag quickly slyly special frays; bold, final theodolites play slyly after the furiously pending packages. f
11|7512|3213|471.98|nusual, regular requests use carefully. slyly final packages haggle quickly. slyly express packages impress blithely across the blithely regular ideas. regular depe
12|13|3610|659.73|jole bold theodolites. final packages haggle! carefully regular deposits play furiously among the special ideas. quickly ironic packages detect quickly carefully final
12|2513|7606|332.81|luffily regular courts engage carefully special realms. regular accounts across the blithely special pinto beans use carefully at the silent request
12|5013|824|337.06|es are unusual deposits. fluffily even deposits across the blithely final theodolites doubt across the unusual accounts. regular, 
12|7513|5454|901.70|s across the carefully regular courts haggle fluffily among the even theodolites. blithely final platelets x-ray even ideas. fluffily express pinto beans sleep slyly. carefully even a
13|14|612|169.44|s. furiously even asymptotes use slyly blithely express foxes. pending courts integrate blithely among the ironic requests! blithely pending deposits integrate slyly furiously final packa
13|2514|7268|862.70|s sleep slyly packages. final theodolites to the express packages haggle quic
13|5014|864|38.64|s after the slyly pending instructions haggle even, express requests. permanently regular pinto beans are. slyly pending req
13|7514|9736|327.18|tect after the express instructions. furiously silent ideas sleep blithely special ideas. attainments sleep furiously. carefully bold requests ab
14|15|5278|650.07|e quickly among the furiously ironic accounts. special, final sheaves against the
14|2515|5334|889.50|ss dependencies are furiously silent excuses. blithely ironic pinto beans affix quickly according to the slyly ironic asymptotes. final packag
14|5015|3676|893.39|sits are according to the fluffily silent asymptotes. final ideas are slyly above the regular instructions. furiousl
14|7515|4947|310.13| final deposits boost slyly regular packages; carefully pending theodolites 
15|16|7047|835.70|blithely quick requests sleep carefully fluffily regular pinto beans. ironic pinto beans around the slyly regular foxe
15|2516|3336|784.55|slyly. fluffily bold accounts cajole furiously. furiously regular dependencies wak
15|5016|3316|265.89|e express instructions. ironic requests haggle fluffily along the carefully even packages. furiously final acco
15|7516|5255|458.67|refully bold instructions among the silent grouches must boost against the express deposits:
16|17|5282|709.16|lithely ironic theodolites should have to are furiously-- 
16|2517|9412|887.53|ly special accounts wake. fluffily bold ideas believe blith
16|5017|854|781.91| unusual excuses. requests after the carefully regular pinto 
16|7517|1491|918.51|unts cajole furiously across the fluffily pending instructions. slyly special accounts could have to boost b
17|18|8555|995.35|are furiously final accounts. carefully unusual accounts snooze across the requests. carefully special dolphins
17|2518|7737|648.75|e blithely express accounts. foxes kindle slyly unusual dinos. quickly special f
17|5018|3123|555.04|ly bold accounts. regular packages use silently. quickly unusual sentiments around the quickly ironic theodolites haggle furiously pending requests. care
17|7518|3203|64.40|bold packages nag fluffily after the regular accounts. furiously ironic asymptotes sleep quickly enticing pinto beans. carefully pending accounts use about the 
18|19|1125|664.17|. ironic, regular accounts across the furiously express 
18|2519|8132|52.44| final packages wake quickly across the blithely ironic instructions. regular pains integrate slyly across the deposits. carefully regular pinto beans among the close
18|5019|3133|568.61|riously bold accounts. packages boost daringly. blithely regular requests cajole. regular foxes wake carefully final accounts. blithely unusual excuses det
18|7519|6475|386.29|. furiously regular accounts cajole slyly across the pending
19|20|1416|144.80|o beans. even packages nag boldly according to the bold, special deposits. ironic packages after the pinto beans nag above the quickly ironic requests. bl
19|2520|5467|405.70|nstructions use furiously. fluffily regular excuses wake. slyly special grouches are carefully regular Tiresias. regular requests use about the quickly furio
19|5020|8800|635.66|sual requests sleep carefully. deposits cajole carefully over the regular, regular requests. quickly unusual asymptotes use some
19|7520|1340|346.92| requests. final, pending realms use carefully; slyly dogged foxes impress fluffily above the blithely regular deposits. ironic, regular courts wake carefully. bold requests impress
20|21|2927|675.54|s, ironic deposits haggle across the quickly bold asymptotes. express, ironic pinto beans wake carefully enticingly special foxes. requests are at the c
20|2521|2723|305.84|nal, bold frets cajole slyly regular, unusual platelets. slyly permanent deposits wake carefully carefully silent accounts. even, even requests wake quickly. furiously pending packages are
20|5021|5905|546.66|ing deposits use furiously. ironically final pinto bea
20|7521|4271|115.89|xcuses wake at the deposits. regular pinto beans nag slyly fluffi
21|22|6571|944.44|ing instructions impress bold foxes. ironic pinto beans use. thinly even asymptotes cajole ironic packages. quickly ironic pinto beans detect slyly regular deposits. ruthlessly even deposits are. sl
21|2522|1704|139.05|posits cajole; quickly even requests sleep furiously. ironic theodolites sleep pending, express instructions. stealthily even platelets cajole carefully after the final, ironic p
21|5022|7153|664.50|blithely enticing instructions use alongside of the carefully thin deposits. blithely bold requests are fluffily
21|7522|367|584.86|ong the even theodolites. pending, pending accounts sleep-- courts boost quickly at the accounts. quickly fin
22|23|4410|786.18|even accounts. final excuses try to sleep regular, even packages. carefully express dolphins cajole; furiously special pinto bea
22|2523|9779|635.84|l instructions cajole across the blithely special deposits. blithely pending accounts use thinly slyly final requests. instructions haggle. pinto beans sleep along the slyly pen
22|5023|7834|359.16|sits wake fluffily carefully stealthy accounts. furiously ironic requests x-ray fluffily alongside of the pending asymptotes. slyly silent packages use along the instructions. fu
22|7523|1434|597.21|ix across the blithely express packages. carefully regular pinto beans boost across the special, pending d
23|24|2739|460.12|platelets against the furiously bold Tiresias dazzle quickly into the special, bold courts. silent, regular instructions wake blithely ironic multipliers. ideas
23|2524|5739|103.13| theodolites need to nag blithely final notornis. slyly idle packages cajole after the furiously stealthy packages. slyly regular accounts use furiously. carefully final accounts affix 
23|5024|9898|233.94|l, express packages wake permanently. quickly even deposits sleep quickly slyly silent id
23|7524|7035|51.75|xcuses; decoys wake after the pending packages. final instructions are furi
24|25|5180|905.41|heodolites above the ironic requests poach fluffily carefully unusual pinto beans. even packages acc
24|2525|2227|511.20|, silent packages boost around the instructions. special requests sleep slyly against the slyly regular deposits. final, final accounts haggle fluffily among the final requests. regular 
24|5025|7182|582.03| the final, ironic asymptotes. regular requests nag instead of the carefully unusual asymptotes. furiously pending attainments among the slyly final packages boost after th
24|7525|5318|62.15| careful requests cajole blithely realms. special asymptotes sleep. pinto beans sleep carefully furiously ironic packages. furiously 
25|26|9029|832.74|fully fluffily regular frets. sometimes even requests after the requests wake slyly at the quickly ruthless requests. a
25|2526|9062|928.96|he foxes. final, final accounts sleep. boldly ironic excuses thrash quick
25|5026|9946|694.35|ld, ironic requests. furiously special packages cajole furiously enticing instructions.
25|7526|7340|746.59|dly final packages haggle blithely according to the pending packages. slyly regula
26|27|5020|683.96|es. fluffily express deposits kindle slyly accounts. slyly ironic requests wake blithely bold ideas
26|2527|6577|892.20|riously pending pinto beans. furiously express instructions detect slyly according to the b
26|5027|3499|382.11|imes even pinto beans among the busily ironic accounts doubt blithely quickly final courts. furiously fluffy packages despite the carefully even plate
26|7527|9702|821.89| behind the blithely regular courts impress after the silent sheaves. bravely final ideas haggle 
27|28|2111|444.01|the even, ironic deposits. theodolites along the ironic, final dolphins cajole slyly quickly bold asymptotes. furiously regular theodolites integrate furiously furiously bold requests. carefully
27|2528|9080|157.03|ole express, final requests. carefully regular packages lose about the regular pinto beans. blithely re
27|5028|3407|151.34|ironic theodolites are by the furiously bold ideas. ironic requests shall have to sublate final packages. furiously quick foxes alongside of the express, special deposits was boldly according 
27|7528|4283|348.61|ound the final foxes detect furiously across the even warhorses. quickly t
28|29|6643|204.86|y ironic deposits above the slyly final deposits sleep furiously above the final deposits. quickly even i
28|2529|2452|744.57|ully regular theodolites haggle about the blithely pending packages. carefully ironic sentiments use quickly around the blithely silent requests. slyly ironic frays bo
28|5029|302|690.30|uickly unusual requests alongside of the final courts integrate slyly 
28|7529|9988|666.53|beans haggle carefully around the slyly ironic acco
29|30|3506|799.27|leep fluffily according to the quietly regular requests: accounts integrate carefully bold foxes. carefully silent
29|2530|8106|981.33|the ironic, bold asymptotes! blithely regular packages hang furiously above the dependencies. blithely permanent dependencies are furiously furiously ironic acco
29|5030|9193|734.44|ly unusual packages. foxes cajole. theodolites nag
29|7530|6252|186.21|thely carefully even packages. even, final packages cajole after the quickly bold accounts. fluffily quick accounts in place of the theodolites doze slyly f
30|31|4767|989.05|ts. slyly final pinto beans cajole ironic accounts. blithely final accounts use among the request
30|2531|535|743.26|sual instructions wake carefully blithely even hockey playe
30|5031|7756|568.86| special foxes across the dependencies cajole quickly against the slyly express packages! furiously unusual pinto beans boost blithely ironic Tir
30|7531|7945|583.84| sleep. bold, regular deposits hang doggedly furiously bold requests. slyly bold excuses detect busily above the even gifts. blithely express courts are carefully. blithely final packages until th
31|32|9685|620.84|he blithely regular ideas. blithely unusual requests haggle fluffily. platelets
31|2532|1951|120.99|refully regular pinto beans. ironic requests integrate furiously since the quickly ruthless platelets. quickly ironic attainments ha
31|5032|1402|761.64|r platelets nag blithely regular deposits. ironic, bold requests 
31|7532|137|849.11|blithely ironic accounts. slyly ironic asymptotes sleep ironic, even accounts. regular accounts thrash quickly
32|33|2203|406.03|es? slyly enticing dugouts haggle carefully. regular packages alongside of the asymptotes are carefull
32|2533|467|109.34|ainst the unusual braids nod fluffily packages. regular packages nod among the slyly express
32|5033|7975|747.14|final foxes boost furiously pending packages. quickly regular depths promise blithely accoun
32|7533|7938|856.09|s integrate according to the even dependencies. carefully regular reque
33|34|4028|891.46|, pending requests affix slyly. slyly ironic deposits wake accounts. express accounts sleep slowly. ironic, express accounts run carefully fluffily final dependencies. furiously unusual ideas
33|2534|4410|929.05| packages sleep carefully. slyly final instructions boost. slyly even requests among the carefully pending platelets wake along the final accounts. quickly expre
33|5034|1287|310.76|dolites above the slyly express deposits try to haggle blithely special gifts. blithely ironic reque
33|7534|6006|327.19|ly. ironic dependencies haggle carefully silent instructions. furiously ironic dolphins are fluffily furiously even theo
34|35|9934|848.75|ven instructions besides the gifts are furiously among the slyly regular packages! instructions use carefully. even requests sleep quickl
34|2535|4749|265.31|ckly regular theodolites eat above the bravely regular courts. ironic requests wake slyly.
34|5035|5459|824.69|ong the slyly silent requests. express, even requests haggle slyly
34|7535|5884|609.69|ully final tithes. slyly ironic deposits hang furiously about the regular, regular deposits
35|36|2500|451.58|nic packages boost carefully carefully even theodolites. blithely fina
35|2536|8875|537.72|ully regular deposits: special accounts use. slyly final deposits wake slyly unusual, special ideas. asymptotes 
35|5036|596|669.19|slyly against the daring, pending accounts. fluffily special pinto beans integrate slyly after the carefully unusual packages. slyly bold accounts besides
35|7536|2025|411.17|s cajole fluffily final deposits. furiously express packages after the blithely special realms boost evenly even requests. slow requests use above the unusual accoun
36|37|3907|630.91|al deposits detect fluffily fluffily unusual sauternes. carefully regular requests against the car
36|2537|174|434.47|permanently express instructions. unusual accounts nag toward the accou
36|5037|2625|569.91|ctions. pending requests are fluffily across the furiously regular notornis. unusu
36|7537|8209|289.15|arefully regular requests cajole. special, express foxes sleep slowly. quickly unusual in
37|38|7171|824.96|usly into the slyly final requests. ironic accounts are furiously furiously ironic i
37|2538|5542|126.59|ven deposits. ironic foxes cajole. slyly final deposits are furiously after the furiously even packages. slyly ironic platelets toward the slyl
37|5038|7113|15.72|re bravely along the furiously express requests. blithely special asymptotes are quickly. fluffily regular packages alo
37|7538|1449|745.64|y after the ironic accounts. blithely final instructions affix blithely. bold packages sleep carefully regular instructions. regular packages affix carefully. stealthy fo
38|39|1226|570.11| slyly even pinto beans. blithely special requests nag slyly about the ironic packages. 
38|2539|4237|662.75|lar warhorses cajole evenly against the attainments. requests cajole furiously furiously express requests. carefully regular platelets use fluffily after the silent, unusual ideas: bl
38|5039|1135|160.70|express accounts haggle. carefully even pinto beans according to the slyly final foxes nag slyly about the enticingly express dol
38|7539|3516|847.09|nal accounts. furiously pending hockey players solve slyly after the furiously final dependencies. deposits are blithely. carefully regular packages unwind busily at the deposits. fluffily 
39|40|3633|463.10|kages are slyly above the slyly pending pinto beans. bold, ironic pinto beans sleep against the blithely regular requests. fluffily even pinto beans use. regular theodolites haggle against the quic
39|2540|3682|300.43|ng requests are according to the packages. regular packages boost quickly. express Tiresias sleep silently across the even, regular ideas! blithely iro
39|5040|5475|532.26| beans cajole carefully carefully express requests. instructions sleep furiously bold deposits. furiously regular depos
39|7540|6259|737.86|y. special, even asymptotes cajole carefully ironic accounts. regular, final pinto beans cajole quickly. regular requests use warhorses. special, special accounts hinder boldly across the
40|41|7690|776.13|lets use fluffily carefully final deposits. blithely ironic instructions sublate against the furiously final ideas; slyly bold courts x-ray silent foxes. regular foxes wake blithely. slyl
40|2541|1704|565.82|riously furiously silent asymptotes. final deposits cajole blithely ironic requests. furiously special pains into the blithely final instru
40|5041|4521|374.71|ptotes haggle. slyly even requests nag fluffily silent packages. blith
40|7541|6617|196.64|he slyly unusual epitaphs? ironic deposits at the furiously unusual instructions thrash blithely requests. requests are carefully blithely pending waters.
41|42|9040|488.55|ss the dinos wake along the blithely regular theodolites. foxes cajole quickly ironic, final foxes. blithely ironic packages haggle against 
41|2542|5946|391.81| slyly slyly regular requests. final deposits sleep fluffily. blithely bold instructions detect carefully. blithely pending requests are furiously ironically final ideas. regul
41|5042|1550|916.55| the blithely final ideas. furiously regular asymptotes could cajole furious
41|7542|560|37.59|special pinto beans against the unusual accounts cajole slyly final foxes. close, ironic
42|43|2893|716.81|requests nag. furiously brave packages boost at the furiously even waters. slyly pending ideas nag carefully caref
42|2543|2927|709.06|g dugouts. carefully careful ideas are fluffily. carefully final pinto beans snooze. ironic deposits wake evenly along 
42|5043|3500|200.00|against the ironic, ironic forges. slyly final deposits wake blithely. ironic courts sleep furiously ab
42|7543|3662|29.46|es sleep slyly among the slyly final requests. bold theodolites use silently against the final foxes. carefully pending requests use furiously. dogged, unusual asymptotes use 
43|44|3211|805.78|gular accounts. bold theodolites nag slyly. quickly express excuses use blithely. blithely even ideas boost fluffily! blithely unusual ideas detect bli
43|2544|6770|493.19|ing to the quickly even theodolites. quickly bold excuses haggle. sometimes unusua
43|5044|9506|493.65|riously! slyly ironic sauternes affix. ironic theodolites sleep furiously about the express packages. slyly ironic deposits are blithely against the regular package
43|7544|3232|307.12|counts: express, final platelets use slyly bold ideas. ironic theodolites about the blithely s
44|45|486|164.22| final notornis throughout the unusual pinto beans are about the special accounts. bold packages sleep fluffily above the
44|2545|5310|114.37|quests. quickly unusual requests against the carefully final somas detect slyly bold a
44|5045|3534|383.01|r the pending pinto beans! requests wake furiously after the special deposits. silent deposits mold quickly along the express, special 
44|7545|4798|833.15| run. ironic, special dolphins according to the even, ironic deposits haggle carefully alongside of the carefully regular excuses. regular frays haggle carefully ironic dependenc
45|46|1685|919.63|he doggedly final accounts; carefully regular packages cajole idly regular idea
45|2546|5202|877.29|ngage blithely after the final requests. bold accounts sleep blithely blithely express dependencies. pinto beans through the carefully regular hockey players wake
45|5046|5669|532.70|es play carefully doggedly unusual requests. bold grouches against the furiously ironic dugouts sleep furiously qu
45|7546|1872|155.32| ironic, even pinto beans. bold theodolites haggle after the furiously ironic accounts. slyly bold courts
46|47|4171|244.65|lly quiet instructions. furiously express requests among the final ideas cajole carefully bold waters. furiously regular pac
46|2547|8518|106.80|e unusual instructions shall have to detect slyly blithely ironic foxes. bold requests impress silent foxes. ironic, quiet realms haggle quickly pending, express pinto be
46|5047|7225|14.78|ously about the fluffily pending accounts. fluffily even dugouts are quickly slyly express platelets; quickly bold pearls sleep slyly even instructions. furiously ironic packages poach quic
46|7547|1381|985.88|ending platelets are carefully regular accounts. fluffily even accounts against the dependencies nag carefully final, 
47|48|6989|292.52|even ideas. blithely final requests boost blithely. final, ironic instruct
47|2548|4458|539.47|; finally enticing theodolites cajole enticing, silent warhorses! slyly bold pains c
47|5048|2896|74.54|grate final asymptotes. pending requests kindle carefully final frets. ironic deposits above the slyly e
47|7548|5873|296.63|after the regular dependencies. final, bold pains sleep quickly pend
48|49|5052|611.16|posits are blithely blithely final foxes. blithely even deposits haggle fluffily express requests. furiously final theodolites use sl
48|2549|9451|191.36|ckages cajole never even, special foxes. regular dependencies wake after the blithely ironic instructions. thinly ironic reque
48|5049|5564|668.19|al pinto beans. furiously final frays use slyly according to the ironic theodolites. regular ideas cajole furiously after the slyly even deposits. 
48|7549|1719|606.16|forges lose. packages cajole regular, bold accounts. never ironic accounts may promise about the permanently bold deposits. always express requests cajole fluffily regular c
49|50|9056|35.11| bold deposits? final, bold pinto beans are furiously slyly regular packages. sly
49|2550|6646|908.15|ts sleep across the fluffily final deposits. carefully express accounts around the regular, express excuses x-ray inside the ironic theodolites. expre
49|5050|5336|713.25|ld accounts. furiously blithe waters use furiously blithely idle dependencies. pending deposits along the permanently re
49|7550|597|812.62|n foxes snooze furiously. courts integrate never. carefully unusual requests are carefully. quickly ironic deposits ha
50|51|1832|565.54|liers above the dolphins dazzle across the regular foxes. furiously regular packages haggle furiously blithely ironic grouches. ironic, even accounts haggle pending, furious instruction
50|2551|43|690.87|aggle daringly along the close, express deposits. final requests snooze carefully carefully bold deposits. carefully unusual ideas doze furiously after the furious
50|5051|6160|301.06|arefully ironic requests use. furiously pending waters play carefully carefully regular platelets. sly requests cajole furiously slyly regular pinto beans. bold packages boost fluffily. furiously i
50|7551|2104|107.17|t blithely unusual theodolites. quickly final accounts affix fluffily regular requests. c
51|52|837|310.74|ly dogged, regular dependencies. express, even packages are 
51|2552|7318|85.03|al foxes. carefully ironic accounts detect carefully-- slyly even accounts use. furiously final platelets shall haggle sometimes after the blithely regu
51|5052|138|728.95|requests according to the carefully unusual deposits promise slyly ironic packages. slyly ironic dependencies are accordin
51|7552|8062|901.04|le ruthlessly furiously slow requests. fluffily slow depende
52|53|6533|54.92|efully. slyly special deposits haggle along the quick deposits. slyly pending requests use quickly packages. final, final dolphins doubt according to the quickly unusual excuses
52|2553|1937|210.44|s. never even asymptotes nag carefully! regularly unusual foxes along the unusual requests haggle accounts. fluffily express pinto 
52|5053|4084|628.53| deposits wake slyly pending asymptotes. ironic asymptotes haggle. blithely ironic requests are qui
52|7553|5524|424.93|cial, ironic packages. even dolphins boost. slyly final deposits integrate. final sheaves along the silent excuses use at the slyly close foxes; bold accounts are finally even packages. ironi
53|54|6443|192.78|carefully ironic accounts. blithely bold deposits detect furiously against the flu
53|2554|5319|563.44|ly. fluffily final pearls boost carefully. special sauternes nod furiously even instructions. carefully regular dependencies across the slyly regular deposits
53|5054|8200|388.08|fully requests. furiously final accounts cajole express, regular pearls. special deposits wake fluffily express accounts. quic
53|7554|6929|224.83|xes. carefully ruthless asymptotes impress slyly. fluffily final deposits sleep against the ideas. slyly final packages wake. pending, express packages sleep quickly.
54|55|2515|686.51|ly along the packages. blithely close pinto beans are blithely alongside of the unusual packages. carefully even platelets boost alongside of the even foxes. ironic de
54|2555|7079|798.98|he carefully unusual packages wake according to the ironic dolphins. permanently regular sheaves nag quickly. regular, ironic
54|5055|2386|23.78|kly ironic foxes. final instructions hinder doggedly. carefull
54|7555|536|259.24| furiously along the fluffily regular requests. carefully unusual accounts use fluffily final platelets. pending deposits integrate furiou
55|56|7874|611.04|ly special packages. furiously even warhorses integrate. silen
55|2556|8460|236.27|round the special, bold asymptotes cajole alongside of the instructions. qui
55|5056|8278|134.62|gedly silent pinto beans! furiously regular sentiments was furiously across the silent pinto beans. pending warthogs along the slyly 
55|7556|1289|130.33|ut the blithely final requests. requests nag blithely. 
56|57|241|855.39|nto beans. finally regular sauternes are. carefully bold deposits according to the blithely express requests wake carefully ironic excuses? furiously final deposit
56|2557|9104|54.79|tructions above the blithely pending foxes cajole blithely furiously even sentiments. special, exp
56|5057|1330|52.29|xpress instructions haggle furiously regular deposits. quickly unusual packages sleep furiously final pinto
56|7557|5799|926.25|ades grow around the dependencies. carefully special ideas cajole furiously across the blithely express requests. unusual tithes are caref
57|58|2972|123.11| asymptotes use carefully furiously final deposits. quickly regular deposits are furiously slyly ironic requests. blithely even excuses haggle: blithely special ideas
57|2558|4721|411.08|instructions. quickly unusual deposits about the furiously special ideas believe among the furiously bold theodolites. unusual, even ideas nag: slow, special theodolites hagg
57|5058|3788|211.66|ly according to the ironic requests-- slyly final accounts print carefully depths? pending, unusual accounts solve 
57|7558|4583|137.68|ts. blithely bold theodolites can boost carefully carefully even instr
58|59|4328|542.52|ven deposits wake requests. quickly bold platelets sleep furiously after the ironic requests. even accounts haggle quickly bold 
58|2559|4307|448.31|quickly carefully ironic foxes. bold platelets nag furiously regular packages. slyly specia
58|5059|4136|512.24|packages cajole slyly quickly pending depths. special, bold realms cajole slyly. slyly ir
58|7559|9689|25.09|long the unusual, express asymptotes. ironic ideas boost bold, special deposits? ironic foxes among the fin
59|60|8374|357.22|c decoys. carefully even pinto beans wake slyly alongside of the express accounts. regular grouches haggle.
59|2560|4226|80.98|lar packages. regular depths use slyly after the fluffily regular packages; theodolites around the furiously ironic asy
59|5060|99|598.55|he special pinto beans. fluffily even accounts cajole. fluffily regular foxes haggle among the
59|7560|8184|45.50|ependencies. ironic dependencies wake carefully according to the blithely bold packages. quickly unusual ideas about th
60|61|6642|800.72| blithely. slyly final realms alongside of the excuses use quickly blithely bold foxes. final theodolites are slyly after the slyly regular excuses. never thin foxes about 
60|2561|5017|314.81| even pinto beans wake carefully. quickly regular deposits hinder along the furiously regular pack
60|5061|148|504.10|s use fluffily. furiously regular deposits boost furiously against the even instructions. blithely final platelets wake. carefully pending asymptotes sleep blithely. regular, s
60|7561|5792|92.64|s the carefully pending deposits. slyly regular pinto beans against the furiously regular grouches lose carefully around the enticingly final ideas. furiously express packages cajole bold pa
61|62|1540|858.64| could have to use upon the packages. fluffily special packages integrate slyly final theodolites. pending warhorses wake quickly after the blithely final fo
61|2562|9170|771.26|ly. pinto beans sleep blithely about the patterns. slyly final accounts wake according to the furiously bold requests. slyly regular packages wake according to the ironic packages. requests acros
61|5062|4762|633.74|final theodolites haggle. fluffily express ideas about the silent theodolites cajole ideas; fluffily special instructions are accordin
61|7562|7312|153.74|gly final instructions. pending theodolites will wake furiously. slyly bold instructions run. furiously special foxes cajole f
62|63|1780|692.42|s around the even ideas cajole furiously somas. silent asym
62|2563|5896|348.82| final accounts. furious deposits wake slyly. idly regular packages haggle blithely pending grouches. ironic accounts boost blithely. carefully express pa
62|5063|9127|620.08|totes. unusual requests after the unusual accounts sleep fluffily bold notornis. slowly careful requests use according to the final ideas. pinto beans sleep. foxes are furiously furiously pe
62|7563|9542|255.78|lly express requests haggle carefully. idle, pending pinto beans are furiously regular excuses. quickly sly attainments are furiously; even accounts are slyly quickl
63|64|1804|498.84|leep bravely. final accounts nag. forges sleep against the slyly ironic pa
63|2564|1998|509.16|yly express theodolites. slyly bold ideas sleep furiously accordi
63|5064|6839|274.15| among the carefully ironic accounts. carefully even accounts against the regular, final deposits detec
63|7564|6325|463.69|arly express accounts. express, unusual escapades haggle. special packages must wake. express, regular requests sleep furiously ironic packages
64|65|5567|228.61|y even instructions. unusual requests serve slyly. special foxes sleep quickly. fluffily ir
64|2565|4542|398.92|. quickly final ideas cajole carefully among the blithely silent requests. sometimes ironic accounts nag furiously against the pending instructions. f
64|5065|9110|602.65| ironic accounts are carefully carefully final accounts. slyly ironic packa
64|7565|2064|25.77| quickly regular ideas. carefully final requests snooze carefully regular, regular instructions. stealthily final pi
65|66|2918|846.26|inal, even foxes cajole. furiously final dolphins hang quickly ironic foxes. furiously special packages alongside of the bold foxes solve above the carefully final instructio
65|2566|1779|393.63|ully after the quickly regular ideas. ironic, final multipliers above the carefully bold deposits breach slyly furiously express deposits. unusual accounts haggle carefully idea
65|5066|2054|503.10|e express excuses. ironic, even accounts across the reg
65|7566|2188|288.73|lent requests nag quickly. blithely silent platelets haggle ironic accounts. slyly bold instructions boost carefully final accounts. carefully even dependencies must nag blithely; qui
66|67|3077|809.13|nod carefully besides the furiously final theodolites. slyly final requests haggle. furiously silent excuses detect quickly. ironic deposits detect above the furiously final 
66|2567|1076|785.75|its across the blithely regular theodolites wake furiously among the furiously regular accounts. pains are slyly care
66|5067|2568|447.08|ously even accounts boost slyly daring requests. even, regular realms kindle blithely. unusual, ironic ins
66|7567|296|797.27|s nag enticingly outside the furiously final foxes. final accounts haggle fluffily accord
67|68|9923|306.37|ly according to the quickly ironic requests. express instructions after the slyly even instructions x-ray blith
67|2568|7908|546.75|furiously express dolphins integrate carefully regular notor
67|5068|3368|625.62|le slyly regular requests: regular platelets wake quickly across the quickly regular accounts. reg
67|7568|5826|397.34|en, ironic deposits affix quickly unusual requests. busily ironic accounts are finally never even sauternes. ironic depos
68|69|3444|31.37|es impress furiously pending packages. always silent instructions above the fluffily bold packages haggle slyly blit
68|2569|6762|5.16|lithely. carefully even grouches along the bold deposits might sleep slyly requests. blithel
68|5069|8300|80.86|nooze according to the furiously even ideas. blithely regular accounts wake blithely. furiously regular Tiresias cajole regular deposits. regular theodolites eat alongside of the
68|7569|5399|683.59|. finally final pinto beans play carefully unusual requests. never pending accounts are. regular, final theodolites wake furiously excuses. special request
69|70|6197|694.24|eep across the packages. regular, final foxes boost fluffily regular pinto beans. packages sleep along the final requests. bold, unusual packages cajo
69|2570|8235|846.49|nt fluffily. carefully ironic instructions wake. blithely express foxes cajole slyly. unusual requests sleep quickly. final packages affix slyly according to the spec
69|5070|9294|386.96|ar packages. blithely regular dependencies are dolphins. slyly ironic excuses nag quickly pending, regular ideas. furiously special sheaves haggle. close, regular pinto beans about the slyly bold
69|7570|7017|344.28|heodolites. unusual, regular requests boost slyly pending deposits. slyly daring instruct
70|71|4536|348.27|ructions. blithely final packages cajole carefully after the express, even requests. furiously final theodolites cajole 
70|2571|8063|452.80|y regular deposits nag about the carefully regular instructions; furiously express accounts along the final, express instruct
70|5071|2990|940.81|s deposits. unusual foxes are carefully according to the carefully even deposits. carefully ironic foxes cajole fluffily against the carefully pending deposits. slyly special depo
70|7571|9074|182.58|ions after the fluffily regular foxes wake above the furiously regular requests: slyly regular deposits wake slyly daringly even Tiresias. express, express deposits are. always unusual pa
71|72|508|842.21|es cajole carefully around the furiously pending instructions. 
71|2572|8329|239.57|ins sleep carefully slyly express accounts! quickly even accounts boost carefully about the carefully regular excuses. dogged, even dolphins against the sometimes ironic packages believe bl
71|5072|6768|744.67|ructions. daring requests solve carefully about the furiously pending pinto
71|7572|5179|329.13|usly at the packages. blithely regular deposits haggle regular packages. quickly special theodolites at the blithely ironic instructions wake
72|73|9855|497.26|tithes. quickly pending foxes haggle enticingly according to the accounts. accounts detect slyly: final packages wake. fina
72|2573|9346|41.04| pending instructions before the even, silent dep
72|5073|2654|762.61|nusual packages: blithely bold Tiresias sleep furiously. slyly brave accounts according to the final, 
72|7573|4526|154.47|use across the never ironic packages. express, regular accounts above the pending, fluffy deposits are carefully across the slyly even pinto be
73|74|9873|947.99|tes use pending packages. final foxes wake final, unusual packages. blithely blithe ideas haggle sometimes slyly express accounts. express instructions nag furiously quickly
73|2574|7729|920.66|ecial accounts sleep according to the slyly sly accounts. slyly express instructions nag. accounts cajole furiously quickly even foxes. furiously regular requests wake. carefully even frets haggle 
73|5074|5327|108.96| beans are furiously between the regular ideas! unusual pinto beans use. furiously silent requests against the carefully even somas wake care
73|7574|3928|309.57|longside of the blithely final ideas. carefully ironic courts sleep along the enticingly pending requests. fluffily regular accounts use fluffily bold ideas. slyly ironic packa
74|75|3128|345.92|ic theodolites. express deposits haggle blithely pending packages. quickly express foxes could are slyly. deposits sleep deposits. final dependencies sleep ab
74|2575|2479|930.97|o beans sleep dependencies. regular accounts use blithely asymptotes. u
74|5075|9473|496.36| haggle carefully alongside of the regular requests. slyly regular accounts belie
74|7575|6234|849.66| slyly regular foxes. silent accounts integrate. even deposits are quick
75|76|7086|624.39|sits are furiously fluffily even courts. furiously pending requests are blithely. pending, regular accounts play carefully slyly unusual platelets. blithely final requests against the ru
75|2576|6308|759.36|refully ironic dependencies. pinto beans use according to the packages. regular platelets wake around the blithely p
75|5076|9080|433.59|sits. permanent packages breach. carefully final waters wake. bold, pending foxes haggle furiously evenly express instructions. even deposits about the final
75|7576|5439|884.01|ding excuses snooze special accounts. tithes alongside of the regular dep
76|77|6754|494.83|gular accounts solve. ironic deposits sleep slyly even packages. slyly pending accounts detect slyly express accounts. ironic forges can play furiously carefully express fox
76|2577|2009|108.97|n packages. blithely even accounts sleep carefully furiously ironic accounts. carefully express requests
76|5077|6371|552.38|ts use against the quickly ironic ideas. quickly even deposits are carefully a
76|7577|7986|252.03| packages across the furiously ironic platelets cajole across the regular, ironic accounts. carefully enticing accounts among the blithely regular instructions detect regular pinto be
77|78|552|254.92|e after the carefully pending packages. carefully even dependencies cajole pending 
77|2578|8170|875.83|xcuses. blithely even foxes use fluffily. blithely even requests use. slyl
77|5078|8541|936.13|e slyly express instructions haggle about the sometimes regula
77|7578|1713|402.14|the even ideas kindle after the requests. regular theodolites cajole carefully about the blithely final ideas. carefully even dependencies at the flu
78|79|9915|729.94|around the special excuses. furiously even deposits serve boldly according to the platelets. carefully express accounts at the blithely unusual pinto beans sleep furiously against the u
78|2579|7246|577.23|regular dependencies cajole doggedly ironic accounts. bold theodolites doze about the accounts. quickly final requests boost slyly final asymptotes. carefully final dolphins ha
78|5079|1801|434.34|nts kindle furiously according to the even packages. blithely ironic platelets are slyly silent foxes. final, final packages would sleep. pinto beans a
78|7579|9599|382.82| carefully special theodolites cajole among the quickly even asymptotes. foxes wake blithely across the carefully 
79|80|4248|765.34|nusual, express asymptotes wake furiously. ironic pinto beans detect above the carefully express theodolites: even, dogged instructions nag. spe
79|2580|465|28.33|uriously special frays cajole across the finally ironic pinto beans. ironic accounts sleep blithely. fluffily silent accounts are slyly at the slyly unusual ideas. even deposits nag slyly 
79|5080|3309|880.23|tect final, thin accounts? furiously ironic accounts boost regular deposits. carefully ironic attainments sleep. furiously special ins
79|7580|8627|891.18|r dolphins grow blithely against the slyly ironic packages. deposits about the regular, ironic decoys are slyly around the carefully regular packages. slyly pending excuses sle
80|81|8893|127.65|ld accounts detect carefully. carefully bold courts along the regular deposits could have to affix ca
80|2581|2243|775.79|endencies. bold, regular pinto beans wake furiously above
80|5081|5385|945.72|cial asymptotes believe after the blithely unusual deposits. furiously silent pinto beans cajole quickly inside the slyly even deposits. regular, f
80|7581|4034|797.05|ptotes cajole carefully. express ideas cajole carefully even somas. final pinto beans print fluffily across the 
81|82|1605|550.29|es haggle blithely fluffily final requests. furiously regular foxes use. furiously unusual requests outside the furiously regular requests
81|2582|5923|220.23|the final, quick accounts are blithely above the s
81|5082|2942|409.73|accounts boost. fluffily unusual requests cajole fluffily slyly ironic requests. foxes cajole quick
81|7582|58|492.19| instructions boost furiously across the foxes-- final depo
82|83|7793|697.31|he accounts cajole quickly after the even patterns. ironic platelets sublate regular, even asymptotes. quick courts affix according to
82|2583|7698|585.86|pinto beans. slyly express excuses haggle. blithely even pinto beans about the quick inst
82|5083|8268|604.25|e after the carefully even theodolites. regular, pending accounts boost. quickly final asymptotes haggle slyly. requests use final, bold pinto beans. bold, ruthle
82|7583|5532|900.07| slyly? fluffily special dependencies haggle among the slyly special requests. regular, bold packages after the blithely ironic packages are slyly ironic packages. slyly final deposits w
83|84|3010|745.51|l foxes along the bold, regular packages integrate carefully express courts! final excuses sleep carefully ironic
83|2584|8200|399.64|y final platelets are carefully carefully special platelets. carefully ironic requests wake blithely alongside of the slyly even accounts. bold, regular requests sleep 
83|5084|5974|657.22| even packages boost furiously. slyly regular gifts above the accounts are quickly express packages. slyly pending deposits besides the express, even asymptotes haggle after the ironic ins
83|7584|3890|24.73|deposits. carefully even dependencies across the dependencies haggl
84|85|5711|233.61|arefully final platelets cajole blithely; quickly final accounts use furiously. furiously reg
84|2585|208|469.80|carefully express dolphins nag about the slyly bold requests. slyly even packages wake among the furiously special attainments.
84|5085|2909|969.44|silent requests cajole slowly bold ideas. special, special deposits according to the always silent packages are against the furiously silent packages. even, blithe accounts sleep slyly across 
84|7585|903|707.77|gly regular dependencies boost. slyly even accounts sleep. furiously final hockey players wake carefully with the reg
85|86|2628|608.77|xes wake furiously after the carefully even platelets. blithe theodolites are furi
85|2586|118|917.83| against the even deposits. furiously bold ideas along the furious requ
85|5086|2074|491.20|encies-- slyly regular requests about the quiet accounts detect quickly at the 
85|7586|8289|73.81|s cajole slyly along the slyly special accounts. regular, special deposits wake. furiously special foxes boost. blithely even packa
86|87|806|65.98|ackages. blithely pending accounts are slyly furiously pending theodolites. furiously eve
86|2587|2773|250.04|ding accounts. slyly special requests will have to affix carefully along the furiously unusual packages. regular theodol
86|5087|5546|816.53|s. slyly final requests wake. furious deposits must wake blithely among the blithely ironic instructions. special hockey players try to are bli
86|7587|1418|332.65|press theodolites sleep carefully about the blithely unusual requests. quickly final deposits breach slyly 
87|88|5679|688.33|t the carefully regular asymptotes. blithely stealthy pinto beans within the furiously expres
87|2588|1272|435.42|ronic foxes sleep along the special foxes. final ideas wake quickly about the carefully special theodolites. blithely ironic packages are blithely. regular, regular pint
87|5088|9041|617.20|furiously final deposits. furiously special dependencies solve across the regular, special ideas. carefully silent requests haggle furiously after the special, specia
87|7588|1892|868.60|arhorses are. unusual requests use blithely furiously final ideas. final requests sleep theodoli
88|89|6116|334.58|ect furiously around the regular deposits. special, final platelets boost furiously. blithely unusu
88|2589|395|71.50| the regular accounts-- furiously even accounts use quickly after the regular, regular deposits. furiously e
88|5089|9979|81.82|f the regular, regular requests believe fluffily along the final, quiet decoys. furiously even accounts cajole. carefully express requests wake quickly among the ideas. quickly silent 
88|7589|276|821.43|gular pinto beans. slyly pending excuses breach blithely express accounts. thin deposits sleep slyly around the even accounts; fluffily busy patterns kindle. slyly final deposits along the 
89|90|3430|744.87| integrate slyly dolphins. bold, final frets use beside the carefully even accounts. slyly close dependencies sleep quickly carefully final pinto beans. foxes promi
89|2590|8599|776.53|ress packages use furiously. furiously regular packages thrash blithely about the slyly pe
89|5090|7876|417.61|nstructions: furiously even requests are quietly unusual accounts. regular requests are after the blithely regular deposits. sl
89|7590|924|920.02|ickly unusual asymptotes after the slyly unusual accounts are carefully doggedly ironic accounts. even, final accounts use furiousl
90|91|8037|409.38|eas. unusual, pending packages boost quietly final accounts. slyly final packages serve. slyly even instructions sleep carefully. quickly even foxes wake quickly. 
90|2591|9683|498.43| accounts! fluffily regular deposits x-ray about the unusual, final packages. furiously final deposits alongside of the caref
90|5091|7849|666.13|carefully ironic accounts are around the slyly bold asymptotes. carefully regular packages use furiously. ironic platelets affix carefully final accounts-- fluffily final pinto beans across the fina
90|7591|7629|50.84|onic requests wake fluffily unusual packages. furiously even frays after the daringly pending requests wake furiously alongside of the bold requests. fluffily ironic ideas nag. ironic,
91|92|7986|528.64|luffily final instructions. furiously unusual foxes haggle 
91|2592|3257|906.20|ackages cajole slyly. blithely bold deposits cajole. blithely 
91|5092|483|823.21|n: slyly ironic foxes nag blithely according to the furiously bold foxes. regular, regular accounts a
91|7592|1265|703.41| quickly silent deposits use attainments. final requests along the carefully ironic accounts wake blithely about the carefully ironic excuses. furiously bold excuses wake final, final ex
92|93|9337|224.01| requests are slyly along the deposits. fluffy pains alongside of the deposits 
92|2593|2246|985.03|jole enticingly regular asymptotes. carefully unusual pinto beans nag carefully ironic ideas. quickly un
92|5093|3199|91.63|ake carefully: carefully ironic requests sleep careful
92|7593|1044|854.89|l instructions are fluffily silently regular accounts. quickly final dolphins w
93|94|3008|615.98|sits promise blithely fluffily special decoys. slyly regular packages along the slyly final deposits wake accord
93|2594|5275|376.47|ounts boost fluffily along the thinly regular realms. busily regular a
93|5094|3869|868.81|ly among the furiously silent accounts. closely regular pinto beans nag slyly! slyly e
93|7594|7188|805.90|y furiously bold pinto beans. express asymptotes was quickly. carefully final accounts affix slyly! platelets according to the ca
94|95|5433|365.56| even excuses wake carefully. quickly unusual requests wake accounts. regularly pending packages are regular 
94|2595|7784|358.08|ironic packages wake slyly carefully regular accounts. quickly regular warhorses against the blithely ironic packages haggle doggedly sly
94|5095|7232|478.94|y regular requests. carefully final asymptotes haggle carefully against the slyly unusual requests: blithely brave grouches are fu
94|7595|3261|824.08|quests. enticingly final accounts sleep fluffily. quickly express asymptotes around th
95|96|5186|291.03|ites across the blithely pending theodolites do affix across the unusual, bold Tiresias. bold packages
95|2596|6552|456.36|tes; final, final accounts boost blithely ironic pinto beans. blithely ironic deposits cajole above the quickly pending requests? i
95|5096|367|987.22| express requests detect furiously. requests cajole carefully
95|7596|7379|973.74| above the furiously unusual deposits haggle ironic ideas. express, even packages haggle slyly slyly special asymp
96|97|5739|202.06|re. slyly regular theodolites breach slyly even dinos. fluffily regular asymptotes haggle slyly. fluffily bold courts affix furiously. regular requests 
96|2597|4942|571.30|e carefully. bold packages sleep against the furiously express requests. express foxes above the dependencies use quickly according to the slyly expres
96|5097|9985|672.29|ecial instructions-- blithely silent theodolites play. even, silent accounts sleep. blithely silent requests haggle final, f
96|7597|7250|587.08|efully ironic foxes. regular, final pinto beans boost above the express a
97|98|6371|129.77|fluffily unusual accounts. slyly regular theodolites integrate furiou
97|2598|2390|458.34| carefully unusual pinto beans; even deposits detect furiously
97|5098|2618|239.34|al theodolites are daringly requests. warhorses sleep blithely requests. special accounts cajole slyly deposits. a
97|7598|4580|761.41| beans. carefully final deposits alongside of the carefully final requests haggle idly blithely ironic accounts. foxes cajole slyly against the ironic, special packages. furiously brave excuses boo
98|99|9486|908.21|usly final deposits mold furiously above the even deposits. carefully ironic packages across the quickly regular dolphins are slyly according to the slyly even
98|2599|8550|657.16| sleep carefully. bravely bold somas may sleep pendin
98|5099|3443|139.00|gular pinto beans maintain quickly fluffily regular deposits. express requests sleep. even requests after the regu
98|7599|3759|811.55|iously. final, express packages are across the ironic dependencies. slyly thin ideas according to the even Tiresias detect furiou
99|100|8487|438.38|lphins affix ironic packages. blithely ironic requests nag fluffily after the slyly ironic foxes. bold dependencies boost furiously. special, 
99|2600|7567|496.93|es? permanently even excuses haggle quickly across the dependencies.
99|5100|7970|365.83|ending accounts cajole furiously. requests promise care
99|7600|2789|843.88|ending accounts. furiously sly packages above the carefully unusual dolphins sleep after the thinly even deposits. requests wake abo
100|101|7885|490.61| accounts nag slyly against the bold excuses. pearls according to the fluffily ironic accounts haggle fluffily along the quickly final platelets
100|2601|2070|196.73| dolphins. bold deposits along the even theodolites sleep furiously about the final pinto beans. furiously unusual courts cajole about the carefully bold asymptotes. accounts integrate slyly entic
100|5101|4994|929.57| deposits. accounts are slyly regular ideas. slyly special pinto beans upo
100|7601|9688|22.00|uctions according to the carefully ironic deposits haggle carefully express ideas? packages across the quickly final requests c
